epoch,time,train/box_loss,train/seg_loss,train/cls_loss,train/dfl_loss,train/sem_loss,metrics/precision(B),metrics/recall(B),metrics/mAP50(B),metrics/mAP50-95(B),metrics/precision(M),metrics/recall(M),metrics/mAP50(M),metrics/mAP50-95(M),val/box_loss,val/seg_loss,val/cls_loss,val/dfl_loss,val/sem_loss,lr/pg0,lr/pg1,lr/pg2
1,18.8935,4.02879,8.06885,78.8411,0.01948,15.4683,0.18455,0.10032,0.10356,0.05143,0.18076,0.08,0.08424,0.03274,2.86425,11.8065,119.872,0.02957,0,4.16667e-06,4.16667e-06,0.0958375
2,21.0488,3.90708,8.67391,82.9565,0.02042,15.0524,0.00504,0.4,0.01052,0.0027,0.00056,0.16,0.00035,0.0001,6.22687,18.353,202.526,0.07702,0,9.13642e-06,9.13642e-06,0.0908425
3,23.8197,5.85544,9.02346,71.1375,0.03081,12.8483,0.00153,0.44,0.00365,0.00111,0,0,0,0,7.67915,34.8071,108.134,0.11258,0,1.40732e-05,1.40732e-05,0.0858474
4,26.5369,4.81916,8.09513,60.1723,0.02584,12.2336,0.0025,0.72,0.0129,0.00538,0,0,0,0,6.39267,23.5529,125.978,0.08953,0,1.89769e-05,1.89769e-05,0.0808523
5,29.229,4.89315,7.61218,55.0518,0.02539,10.8043,0.0025,0.72,0.02366,0.008,0.00083,0.24,0.00171,0.00035,5.49456,21.3855,122.525,0.06834,0,2.38477e-05,2.38477e-05,0.0758572
6,31.9455,4.20807,6.86685,48.9406,0.02317,9.8178,0.08742,0.27972,0.15001,0.04795,0.02591,0.08,0.02391,0.00459,5.32437,36.3721,189.885,0.06481,0,2.86854e-05,2.86854e-05,0.070862
7,34.6729,4.67083,7.25276,49.4262,0.02165,9.45508,0.08563,0.12,0.05553,0.01426,0.00338,0.2,0.00333,0.00066,5.89581,36.2017,172.079,0.07203,0,3.34902e-05,3.34902e-05,0.0658668
8,37.4352,4.21774,6.77733,42.5116,0.02241,8.67586,0.00236,0.68,0.03374,0.00956,0.00083,0.24,0.00225,0.0003,5.4513,28.4534,89.2768,0.0675,0,3.82619e-05,3.82619e-05,0.0608716
9,40.1842,4.31536,6.09418,43.3272,0.02266,8.21249,0.00245,0.68,0.06971,0.01529,0.0013,0.36,0.00675,0.00085,5.34128,23.1629,80.0203,0.07281,0,4.30007e-05,4.30007e-05,0.0558763
10,43.0426,4.25959,7.0124,41.4798,0.02058,7.19213,0.00301,0.76,0.14305,0.05386,0.00159,0.4,0.0457,0.0065,4.29561,24.7754,71.0684,0.05423,0,4.77064e-05,4.77064e-05,0.050881
11,45.7775,4.30396,6.64012,39.8186,0.02438,7.06687,0.48515,0.16,0.23353,0.10665,0.46212,0.12,0.12345,0.05308,3.74293,22.6232,62.8994,0.04239,0,5.23792e-05,5.23792e-05,0.0458857
12,49.0724,4.14291,6.50058,34.5128,0.0227,7.09037,0.41116,0.24,0.23526,0.12149,0.33334,0.2,0.16885,0.07665,3.68775,21.5257,60.0912,0.0409,0,5.70189e-05,5.70189e-05,0.0408904
13,52.3,4.14158,6.35806,34.9564,0.02164,6.53982,0.36188,0.31769,0.29249,0.15397,0.48696,0.2,0.22759,0.11355,3.68852,15.8955,55.9141,0.03993,0,6.16257e-05,6.16257e-05,0.035895
14,55.5948,4.08591,6.48943,37.767,0.02126,7.38109,0.43268,0.28,0.32563,0.14682,0.56033,0.28,0.24283,0.11642,4.2281,15.0337,53.5093,0.04985,0,6.61994e-05,6.61994e-05,0.0308995
15,58.3354,3.87311,5.80734,34.7927,0.01802,7.5334,0.60833,0.3112,0.31202,0.13134,0.58037,0.24,0.227,0.10794,4.34687,15.3718,57.5524,0.0503,0,7.07402e-05,7.07402e-05,0.0259041
16,61.148,3.32139,5.64406,30.9566,0.01482,5.67823,0.60126,0.24,0.28124,0.11422,0.66068,0.23425,0.20827,0.09442,4.39826,14.3769,60.5145,0.0513,0,7.52479e-05,7.52479e-05,0.0209086
17,63.8617,3.82635,6.62619,33.1698,0.02049,6.22069,0.56481,0.32,0.28446,0.12458,0.65939,0.23301,0.20355,0.08306,4.68633,14.2914,57.0519,0.05508,0,7.97227e-05,7.97227e-05,0.0159131
18,66.5934,3.55693,5.68074,31.2334,0.01441,6.38106,0.50812,0.36,0.36176,0.14214,0.48538,0.32,0.24302,0.08585,4.44526,10.228,54.8046,0.05001,0,8.41644e-05,8.41644e-05,0.0109175
19,69.3653,3.72157,5.81524,29.8494,0.01658,6.64383,0.51055,0.48,0.43864,0.17763,0.41289,0.36,0.27239,0.10536,4.77577,9.3066,48.5038,0.05641,0,8.85732e-05,8.85732e-05,0.00592191
20,72.6559,3.61078,6.01044,29.4827,0.01852,6.7988,0.73109,0.44,0.5312,0.22112,0.59393,0.36,0.37694,0.18937,4.78562,8.01643,42.8151,0.05833,0,9.29489e-05,9.29489e-05,0.000926282
21,76.0148,3.39509,5.59727,31.2442,0.01852,6.19135,0.59916,0.52,0.5429,0.23884,0.57044,0.44,0.40474,0.21767,4.69313,7.6728,41.5226,0.05657,0,9.34e-05,9.34e-05,9.34e-05
22,79.2752,3.35448,5.06201,27.8338,0.01451,6.62734,0.69934,0.52,0.57476,0.26377,0.58442,0.50668,0.46919,0.28503,4.68868,7.87096,39.2513,0.05729,0,9.307e-05,9.307e-05,9.307e-05
23,82.4811,3.52441,5.54436,28.2304,0.01759,6.13496,0.80048,0.6,0.57404,0.2869,0.57974,0.44,0.45435,0.28461,4.66083,8.56911,37.2405,0.05614,0,9.274e-05,9.274e-05,9.274e-05
24,85.7938,3.61251,5.38715,27.9163,0.01681,6.1648,0.66656,0.56,0.56969,0.29302,0.54681,0.48,0.46098,0.27328,4.22689,9.34844,41.3725,0.04958,0,9.241e-05,9.241e-05,9.241e-05
25,88.5546,3.71378,5.73764,28.32,0.01841,6.10743,0.79738,0.44,0.51221,0.27359,0.62453,0.36,0.42245,0.25554,4.17524,9.59995,42.2981,0.04915,0,9.208e-05,9.208e-05,9.208e-05
26,91.2684,3.60755,5.85482,26.7442,0.01654,5.41973,0.82242,0.48,0.50682,0.28904,0.67521,0.4,0.43727,0.24736,3.91548,8.40243,44.4945,0.04548,0,9.175e-05,9.175e-05,9.175e-05
27,93.9814,3.60858,5.93968,29.6568,0.01656,6.14021,0.73744,0.48,0.51036,0.29527,0.56891,0.4,0.4498,0.24599,4.00214,7.93328,43.864,0.04706,0,9.142e-05,9.142e-05,9.142e-05
28,96.7867,3.13766,5.21023,25.4972,0.01663,5.31978,0.75871,0.50368,0.54634,0.32788,0.70428,0.47651,0.51453,0.2767,3.81955,7.25903,43.4663,0.04548,0,9.109e-05,9.109e-05,9.109e-05
29,99.9877,3.19779,5.43511,25.3042,0.01641,4.55179,0.74492,0.4678,0.52306,0.3085,0.55246,0.48,0.49473,0.26146,3.78651,7.26224,42.6496,0.04419,0,9.076e-05,9.076e-05,9.076e-05
30,102.857,3.3371,5.38711,23.8553,0.0148,3.78164,0.76346,0.52,0.53745,0.31465,0.70308,0.48,0.48241,0.25666,3.79956,7.41774,40.0358,0.04494,0,9.043e-05,9.043e-05,9.043e-05
31,105.546,3.431,5.26297,25.9022,0.01553,6.16319,0.78117,0.5716,0.59611,0.32407,0.64785,0.48,0.43248,0.24914,4.07979,7.92413,34.4725,0.04835,0,9.01e-05,9.01e-05,9.01e-05
32,108.354,3.65148,5.45934,24.8916,0.01708,4.50241,0.72567,0.64,0.62352,0.30333,0.56342,0.4,0.37996,0.20786,4.29389,7.878,33.7512,0.05165,0,8.977e-05,8.977e-05,8.977e-05
33,111.135,3.35192,5.18057,24.2652,0.01492,5.01769,0.82563,0.56,0.64524,0.31486,0.64149,0.48,0.40577,0.22116,4.26563,8.22494,34.3591,0.05177,0,8.944e-05,8.944e-05,8.944e-05
34,113.906,3.54409,5.63738,26.0627,0.0201,5.39402,0.71169,0.6,0.61088,0.31998,0.60206,0.54508,0.43372,0.23517,4.42304,8.18182,33.992,0.05358,0,8.911e-05,8.911e-05,8.911e-05
35,116.615,3.25833,4.64241,22.7875,0.01633,4.77101,0.75217,0.56,0.61168,0.32758,0.56853,0.52,0.42317,0.23304,4.22123,8.04116,35.0536,0.05042,0,8.878e-05,8.878e-05,8.878e-05
36,119.415,3.32684,4.8549,22.7722,0.01659,5.02375,0.64122,0.64352,0.6213,0.33064,0.62173,0.56,0.4512,0.2385,4.71235,7.58847,27.2798,0.05822,0,8.845e-05,8.845e-05,8.845e-05
37,122.125,3.52031,5.45734,23.7164,0.01706,3.90075,0.65642,0.61172,0.6199,0.34308,0.6181,0.56,0.45292,0.24697,4.68133,7.72943,29.0465,0.05808,0,8.812e-05,8.812e-05,8.812e-05
38,124.872,3.52756,5.08185,24.2943,0.01525,5.72041,0.72212,0.48,0.59528,0.30993,0.58022,0.48,0.45514,0.24019,4.98142,7.84169,27.4637,0.06068,0,8.779e-05,8.779e-05,8.779e-05
39,127.661,3.4957,4.85104,23.0327,0.0158,5.60043,0.72586,0.52,0.58988,0.31272,0.65764,0.48,0.48999,0.26277,4.94985,8.01612,31.0876,0.06087,0,8.746e-05,8.746e-05,8.746e-05
40,130.402,3.4759,4.80583,24.1097,0.01904,6.25586,0.82436,0.48,0.56513,0.29594,0.60634,0.4933,0.52347,0.26512,4.78284,7.71055,34.5306,0.05922,0,8.713e-05,8.713e-05,8.713e-05
41,133.087,3.91049,5.52603,26.6426,0.01604,4.55555,0.7855,0.48,0.56941,0.30987,0.67219,0.56,0.5281,0.25164,4.71831,7.64527,34.995,0.05813,0,8.68e-05,8.68e-05,8.68e-05
42,135.936,3.50813,5.13417,25.1886,0.01814,4.66019,0.82342,0.44,0.54907,0.31012,0.66231,0.56,0.53555,0.2509,4.89087,7.46803,32.5981,0.05907,0,8.647e-05,8.647e-05,8.647e-05
43,138.627,3.4958,4.90069,24.5666,0.01617,4.75917,0.90642,0.48,0.61539,0.32141,0.74021,0.4565,0.51835,0.23856,4.80747,7.65033,32.8301,0.05739,0,8.614e-05,8.614e-05,8.614e-05
44,141.413,3.11647,4.78211,22.1454,0.01647,4.06463,0.81678,0.53551,0.63587,0.33465,0.57646,0.52,0.50987,0.2541,4.75692,8.09047,31.656,0.05626,0,8.581e-05,8.581e-05,8.581e-05
45,144.18,2.97344,4.63917,21.623,0.01527,4.84951,0.80457,0.56,0.6465,0.33897,0.57568,0.56,0.49565,0.2452,4.74872,8.53887,29.9856,0.05712,0,8.548e-05,8.548e-05,8.548e-05
46,147.101,3.05885,4.40262,19.5644,0.0159,4.24467,0.78099,0.57099,0.66578,0.34501,0.45833,0.6,0.44045,0.23018,4.61768,9.24044,29.7254,0.0553,0,8.515e-05,8.515e-05,8.515e-05
47,149.91,2.94122,4.3396,18.9602,0.01531,4.4943,0.86241,0.52,0.64867,0.32882,0.47813,0.54998,0.43565,0.23346,4.35735,9.59575,33.8825,0.05104,0,8.482e-05,8.482e-05,8.482e-05
48,152.881,3.32242,4.74877,20.3686,0.0164,3.93229,0.7756,0.48,0.62374,0.34072,0.4617,0.6,0.40234,0.23211,4.23875,9.30487,33.7827,0.04852,0,8.449e-05,8.449e-05,8.449e-05
49,155.664,3.11763,4.67689,21.9841,0.01437,3.51801,0.75282,0.52,0.63384,0.35128,0.5119,0.52,0.45112,0.25757,4.23156,8.75525,33.9161,0.04881,0,8.416e-05,8.416e-05,8.416e-05
50,159.189,3.36197,4.7573,22.9908,0.01502,4.70947,0.67288,0.48,0.53085,0.31788,0.58263,0.52,0.47654,0.26249,4.25794,7.4225,38.0796,0.05023,0,8.383e-05,8.383e-05,8.383e-05
51,162.105,3.26912,4.83531,20.9515,0.01436,5.24431,0.89594,0.4,0.50909,0.29027,0.65345,0.48,0.44326,0.22307,4.30444,7.26532,40.4861,0.05078,0,8.35e-05,8.35e-05,8.35e-05
52,165.049,3.35607,4.86961,22.0814,0.01408,7.09748,0.83164,0.4,0.47986,0.24994,0.67586,0.36,0.35082,0.17603,4.49008,7.66848,41.6478,0.05444,0,8.317e-05,8.317e-05,8.317e-05
53,167.941,3.50262,4.75506,22.3843,0.01786,4.99466,0.81385,0.4,0.47489,0.24538,0.68938,0.35544,0.35871,0.17685,4.39354,7.77179,40.9535,0.05346,0,8.284e-05,8.284e-05,8.284e-05
54,170.774,2.86509,4.32489,19.3509,0.01659,4.30473,0.82613,0.4,0.51654,0.28895,0.54217,0.52,0.42905,0.22188,4.37109,7.80822,36.7529,0.05352,0,8.251e-05,8.251e-05,8.251e-05
55,173.576,3.23878,4.71242,20.6484,0.01544,4.67049,0.58317,0.6,0.56831,0.33128,0.58227,0.56,0.48911,0.26843,4.35888,8.99644,32.3902,0.05236,0,8.218e-05,8.218e-05,8.218e-05
56,176.52,3.26525,4.49766,20.4163,0.01392,4.56967,0.67861,0.59154,0.62569,0.35385,0.59686,0.52,0.53012,0.30193,4.34394,10.9321,30.9742,0.05097,0,8.185e-05,8.185e-05,8.185e-05
57,179.832,3.50585,4.81749,19.7897,0.01759,3.64689,0.67922,0.67767,0.63927,0.36264,0.65436,0.53046,0.53648,0.30297,4.46194,11.4169,30.2728,0.05246,0,8.152e-05,8.152e-05,8.152e-05
58,183.246,3.10417,4.4071,21.5996,0.01383,4.25988,0.70556,0.64,0.63773,0.34631,0.61621,0.56,0.51894,0.28105,4.53048,12.0782,32.9521,0.05308,0,8.119e-05,8.119e-05,8.119e-05
59,186.047,3.32118,4.3858,21.7958,0.01574,4.58859,0.79897,0.63607,0.68196,0.36955,0.69928,0.55817,0.53092,0.30553,4.63053,11.7162,32.0284,0.05477,0,8.086e-05,8.086e-05,8.086e-05
60,189.49,3.02884,4.36923,18.4126,0.01424,3.86805,0.77253,0.68,0.66383,0.36615,0.63342,0.56,0.52747,0.31595,4.60557,10.7025,32.9875,0.05547,0,8.053e-05,8.053e-05,8.053e-05
61,192.839,3.13152,4.62443,19.0824,0.0141,3.54192,0.67824,0.68,0.64376,0.35677,0.83322,0.59955,0.5707,0.32115,4.69574,9.99596,32.8593,0.05667,0,8.02e-05,8.02e-05,8.02e-05
62,195.753,3.22303,4.65689,20.4451,0.01742,3.43602,0.78175,0.6,0.62867,0.34088,0.74834,0.59494,0.549,0.28834,4.402,7.95834,33.0717,0.05264,0,7.987e-05,7.987e-05,7.987e-05
63,198.544,3.14358,4.98676,19.3561,0.01494,5.20937,0.72141,0.62193,0.64548,0.36897,0.81026,0.56,0.58431,0.31106,4.48972,7.44585,31.3409,0.05379,0,7.954e-05,7.954e-05,7.954e-05
64,201.384,3.04855,4.30663,18.9297,0.01754,3.86708,0.7953,0.52,0.55956,0.32624,0.7953,0.52,0.52332,0.27193,4.56777,6.76794,34.5162,0.05499,0,7.921e-05,7.921e-05,7.921e-05
65,204.205,3.19131,4.32784,16.9091,0.01495,3.46258,0.80998,0.52,0.5477,0.31639,0.80998,0.52,0.52361,0.26577,4.61566,6.77324,33.1111,0.05675,0,7.888e-05,7.888e-05,7.888e-05
66,207.146,3.33376,4.79851,21.3225,0.01545,4.32783,0.57853,0.56,0.52695,0.31853,0.62074,0.6,0.52165,0.25973,4.40084,6.71492,35.2406,0.05398,0,7.855e-05,7.855e-05,7.855e-05
67,209.965,3.24562,4.63712,18.3901,0.01466,3.02551,0.90878,0.48,0.58392,0.31215,0.61077,0.56,0.51673,0.25157,4.40892,6.72052,35.0078,0.054,0,7.822e-05,7.822e-05,7.822e-05
68,212.779,3.19104,4.50798,19.3641,0.01425,5.66976,0.86246,0.50232,0.59401,0.31163,0.71129,0.48,0.52423,0.26566,4.19731,6.76701,38.6032,0.04949,0,7.789e-05,7.789e-05,7.789e-05
69,215.622,3.28129,4.26844,19.437,0.01518,4.17928,0.8404,0.52,0.6088,0.31825,0.59949,0.6,0.53165,0.28445,4.26788,6.95785,36.9857,0.05047,0,7.756e-05,7.756e-05,7.756e-05
70,218.503,3.24131,4.60762,18.0019,0.01286,5.32127,0.58754,0.6,0.56734,0.31317,0.58862,0.6,0.52479,0.2816,4.52076,7.60517,34.934,0.05367,0,7.723e-05,7.723e-05,7.723e-05
71,221.36,3.03266,4.90624,19.039,0.01432,3.8555,0.77112,0.48,0.57766,0.34039,0.56983,0.6,0.548,0.30393,4.44246,7.72222,34.8291,0.05287,0,7.69e-05,7.69e-05,7.69e-05
72,224.323,3.05091,4.38714,18.1748,0.01401,3.84904,0.78726,0.44,0.57323,0.33131,0.78726,0.44,0.54644,0.29565,4.40391,7.78497,34.8376,0.05304,0,7.657e-05,7.657e-05,7.657e-05
73,227.09,3.03937,4.66383,20.9217,0.01311,3.86536,0.92041,0.4,0.56633,0.32381,0.5445,0.6,0.53925,0.28584,4.00004,7.57083,37.5144,0.04995,0,7.624e-05,7.624e-05,7.624e-05
74,229.908,3.04253,4.49471,18.8108,0.01298,4.12885,0.79462,0.44,0.54825,0.31401,0.63186,0.48,0.51081,0.25858,4.02861,7.43607,38.3609,0.04951,0,7.591e-05,7.591e-05,7.591e-05
75,232.79,3.14171,4.6605,16.8838,0.01473,4.00082,0.69356,0.45318,0.54976,0.30576,0.53977,0.56305,0.50414,0.26216,4.09847,7.39086,37.8169,0.04981,0,7.558e-05,7.558e-05,7.558e-05
76,235.646,3.21919,4.38039,18.6866,0.01335,4.06999,0.49737,0.5939,0.52206,0.29018,0.52664,0.62337,0.49249,0.25024,3.96896,7.12218,39.9964,0.04804,0,7.525e-05,7.525e-05,7.525e-05
77,238.51,3.03237,4.15248,17.4814,0.01191,3.2298,0.62522,0.44,0.51064,0.29762,0.52878,0.58387,0.48926,0.25486,3.9354,7.13632,40.5921,0.0473,0,7.492e-05,7.492e-05,7.492e-05
78,241.428,3.01815,4.42275,18.3682,0.01384,3.46438,0.46949,0.60183,0.51555,0.28853,0.49931,0.64,0.51176,0.26476,3.9083,7.0997,40.9129,0.04759,0,7.459e-05,7.459e-05,7.459e-05
79,244.231,3.34311,4.89792,20.614,0.01546,4.55345,0.47738,0.58492,0.51007,0.2876,0.50479,0.5711,0.49924,0.26411,3.91989,7.26032,40.4279,0.0483,0,7.426e-05,7.426e-05,7.426e-05
80,247.114,3.02792,4.34506,19.6843,0.0134,3.92649,0.66177,0.48,0.55527,0.30158,0.56503,0.52,0.46115,0.24816,4.26697,7.72666,37.9361,0.05146,0,7.393e-05,7.393e-05,7.393e-05
81,249.976,3.08054,4.74279,18.5978,0.01521,5.11713,0.53936,0.68,0.55847,0.30331,0.55582,0.52,0.4544,0.25327,4.37741,8.02088,37.09,0.05304,0,7.36e-05,7.36e-05,7.36e-05
82,252.733,3.11316,4.39729,18.7387,0.0164,3.58594,0.53721,0.64,0.58026,0.32878,0.46976,0.56,0.41598,0.22828,4.34668,8.54947,37.3998,0.05307,0,7.327e-05,7.327e-05,7.327e-05
83,255.526,3.29695,4.88964,18.3135,0.01459,4.17593,0.77124,0.53998,0.58827,0.32694,0.53812,0.44,0.38728,0.2257,4.52361,8.75161,35.2335,0.05526,0,7.294e-05,7.294e-05,7.294e-05
84,258.512,3.22061,4.46759,17.7412,0.01388,3.8228,0.65185,0.6,0.58807,0.31577,0.51967,0.48,0.40416,0.2233,4.45117,8.70237,34.4843,0.05451,0,7.261e-05,7.261e-05,7.261e-05
85,261.295,3.22892,4.77544,17.5833,0.01324,3.45581,0.65914,0.61923,0.61906,0.32683,0.5655,0.48,0.41473,0.22957,4.37816,8.72324,33.1097,0.05362,0,7.228e-05,7.228e-05,7.228e-05
86,264.127,2.91298,4.13853,17.9619,0.0131,4.88398,0.63258,0.64,0.61581,0.33296,0.63688,0.44,0.42449,0.22081,4.34785,8.93085,32.5533,0.05273,0,7.195e-05,7.195e-05,7.195e-05
87,266.98,3.19826,4.44549,19.9574,0.0134,5.78072,0.7758,0.55394,0.63965,0.36354,0.63721,0.44,0.42839,0.22695,4.34862,9.07842,31.2803,0.05287,0,7.162e-05,7.162e-05,7.162e-05
88,269.789,2.95525,4.21999,18.5617,0.0135,6.66148,0.72898,0.64576,0.6933,0.38448,0.61672,0.51512,0.4272,0.22537,4.39977,9.49432,29.4779,0.05346,0,7.129e-05,7.129e-05,7.129e-05
89,272.572,3.12812,4.25347,18.068,0.01571,7.58876,0.79923,0.64,0.69989,0.3753,0.6453,0.50979,0.4493,0.23484,4.54019,9.91621,29.0214,0.0552,0,7.096e-05,7.096e-05,7.096e-05
90,275.471,3.0821,4.62544,18.3751,0.01466,4.61104,0.98397,0.56,0.68891,0.34524,0.69902,0.4,0.40984,0.21116,4.70504,11.2457,30.2143,0.05682,0,7.063e-05,7.063e-05,7.063e-05
91,278.246,3.03063,4.61299,19.5226,0.01429,4.02243,1,0.62182,0.71857,0.34977,0.56758,0.48,0.44197,0.23783,5.0444,12.0846,29.7981,0.06204,0,7.03e-05,7.03e-05,7.03e-05
92,281.138,2.99013,4.32258,16.7962,0.01201,3.15111,0.83316,0.64,0.69788,0.33677,0.62135,0.52,0.474,0.22125,5.05294,13.2815,34.0125,0.06304,0,6.997e-05,6.997e-05,6.997e-05
93,283.99,2.91124,4.49184,17.2656,0.01225,3.40643,0.7418,0.68981,0.69098,0.33071,0.57902,0.52,0.45119,0.20676,4.93309,13.2389,34.5286,0.06134,0,6.964e-05,6.964e-05,6.964e-05
94,286.872,3.00673,4.36192,16.3994,0.0134,4.20142,0.75429,0.68,0.69598,0.35323,0.57974,0.52,0.45465,0.21664,4.89756,11.8064,32.2765,0.06185,0,6.931e-05,6.931e-05,6.931e-05
95,289.679,3.23265,4.66308,18.8991,0.01357,2.82153,0.71979,0.72,0.70763,0.34475,0.69955,0.55885,0.48904,0.21931,4.86753,10.7321,31.3756,0.06166,0,6.898e-05,6.898e-05,6.898e-05
96,292.591,2.79902,4.22137,16.3915,0.01332,5.16767,0.85756,0.64,0.6871,0.32341,0.6912,0.52,0.47098,0.20854,4.84209,9.00882,31.7942,0.06151,0,6.865e-05,6.865e-05,6.865e-05
97,295.369,3.05673,4.43513,19.4367,0.01147,3.88043,0.88128,0.59414,0.67536,0.32221,0.60304,0.44,0.43101,0.19952,4.6599,8.4785,33.2022,0.05826,0,6.832e-05,6.832e-05,6.832e-05
98,298.178,3.02547,4.0741,18.0102,0.01522,4.093,0.81923,0.6,0.60012,0.30539,0.6666,0.48,0.38907,0.18789,4.53341,7.60796,33.0488,0.05649,0,6.799e-05,6.799e-05,6.799e-05
99,301.015,3.21197,4.33167,18.1035,0.0143,4.03919,0.77333,0.6,0.57831,0.2966,0.6699,0.52,0.42967,0.20051,4.44044,7.42135,35.4428,0.05476,0,6.766e-05,6.766e-05,6.766e-05
100,303.912,3.14815,4.45512,17.5115,0.01433,4.13475,0.81074,0.52,0.5746,0.29352,0.73461,0.48,0.46046,0.21936,4.27108,7.19754,35.2708,0.0519,0,6.733e-05,6.733e-05,6.733e-05
101,306.698,2.94525,4.04128,16.7836,0.01506,3.33829,0.80201,0.52,0.58586,0.30857,0.62618,0.56,0.4876,0.2387,4.14636,7.1725,35.2347,0.04981,0,6.7e-05,6.7e-05,6.7e-05
102,309.564,3.15175,4.45969,19.7552,0.01593,5.12105,0.77371,0.54756,0.5753,0.31607,0.67623,0.52,0.49493,0.23727,4.24387,7.23287,34.4119,0.05178,0,6.667e-05,6.667e-05,6.667e-05
103,312.349,2.82758,4.15519,17.7948,0.01405,3.46894,0.79451,0.52,0.57255,0.31527,0.59037,0.52,0.45536,0.23897,4.24,7.26115,34.6694,0.05151,0,6.634e-05,6.634e-05,6.634e-05
104,315.137,3.17424,4.25604,18.1461,0.01435,4.03788,0.78436,0.52,0.58649,0.32395,0.66484,0.55562,0.51438,0.27521,4.20976,7.3235,36.0316,0.0506,0,6.601e-05,6.601e-05,6.601e-05
105,317.892,3.05468,4.06662,15.8899,0.01494,3.69565,0.79164,0.52,0.58306,0.31933,0.66252,0.55005,0.50531,0.26153,4.19405,7.4418,36.8171,0.05049,0,6.568e-05,6.568e-05,6.568e-05
106,320.796,2.98927,4.37228,17.457,0.01239,2.99505,0.849,0.48,0.57383,0.3186,0.67661,0.52,0.49981,0.26499,4.14685,7.51111,38.5179,0.05011,0,6.535e-05,6.535e-05,6.535e-05
107,323.652,2.95886,4.39029,17.2662,0.01562,3.95275,0.82857,0.48,0.57307,0.31828,0.66938,0.52,0.49678,0.26068,4.02887,7.51913,39.3368,0.04922,0,6.502e-05,6.502e-05,6.502e-05
108,326.524,2.70394,4.05222,14.3052,0.01247,4.57903,0.8512,0.48,0.57346,0.29918,0.60809,0.55863,0.48873,0.24072,4.10467,7.44926,39.9497,0.05015,0,6.469e-05,6.469e-05,6.469e-05
109,329.349,2.82824,4.03897,16.9602,0.01335,3.38615,0.87898,0.48,0.58939,0.30616,0.63332,0.55297,0.5031,0.24847,4.09187,7.40803,39.4615,0.05016,0,6.436e-05,6.436e-05,6.436e-05
110,332.228,2.97091,4.02373,16.2975,0.01286,3.32916,0.83942,0.48,0.59492,0.30472,0.76947,0.44,0.47306,0.25119,4.06827,7.26658,38.7633,0.0491,0,6.403e-05,6.403e-05,6.403e-05
111,334.942,3.06985,4.47283,16.5321,0.01511,3.18866,0.81182,0.51783,0.61515,0.30908,0.67909,0.48,0.46315,0.25379,3.96885,7.33497,38.994,0.04805,0,6.37e-05,6.37e-05,6.37e-05
112,337.823,3.09018,3.94044,18.1713,0.01374,3.25475,0.77232,0.56,0.60889,0.30077,0.76542,0.44,0.45928,0.24133,3.96619,7.47151,38.5969,0.04835,0,6.337e-05,6.337e-05,6.337e-05
113,340.71,2.85144,4.09269,16.2575,0.01316,3.72349,0.77763,0.55956,0.60601,0.3091,0.78028,0.44,0.45731,0.23457,3.89707,7.57437,38.7308,0.04743,0,6.304e-05,6.304e-05,6.304e-05
114,343.577,2.67425,3.8221,14.5113,0.01256,4.14059,0.7752,0.5521,0.58884,0.32562,0.60751,0.43371,0.41733,0.20029,3.89423,7.75976,39.1976,0.04628,0,6.271e-05,6.271e-05,6.271e-05
115,346.318,2.6308,3.72063,15.7154,0.01087,3.68207,0.8232,0.55881,0.58879,0.32512,0.5869,0.4,0.40576,0.19748,3.86475,7.84722,39.3174,0.0458,0,6.238e-05,6.238e-05,6.238e-05
116,349.306,2.87204,4.40595,18.8512,0.01237,3.41102,0.71401,0.49988,0.56932,0.31997,0.46584,0.38419,0.34695,0.19958,3.8546,8.05598,38.0674,0.04509,0,6.205e-05,6.205e-05,6.205e-05
117,352.203,2.98876,3.97389,16.0961,0.01372,2.72558,0.80638,0.48,0.59087,0.33327,0.58649,0.36,0.36522,0.20685,3.81813,8.08906,37.5253,0.04423,0,6.172e-05,6.172e-05,6.172e-05
118,355.125,2.92817,4.00413,16.5564,0.01344,4.02628,0.88291,0.52,0.65762,0.36724,0.81795,0.4,0.44049,0.2141,3.89673,8.25954,33.8266,0.04526,0,6.139e-05,6.139e-05,6.139e-05
119,358.024,2.82417,3.97135,16.3571,0.01144,2.78809,0.8611,0.6,0.66957,0.36888,0.45444,0.6,0.47511,0.22724,3.98519,8.53671,32.7382,0.04636,0,6.106e-05,6.106e-05,6.106e-05
120,360.964,2.84265,4.04202,16.0811,0.01252,4.26422,0.82547,0.6,0.67886,0.37225,0.48059,0.55529,0.42372,0.23321,4.27741,8.73801,30.3512,0.04974,0,6.073e-05,6.073e-05,6.073e-05
121,363.765,2.79214,4.37904,16.8565,0.01267,3.13317,0.92007,0.56,0.67549,0.36997,0.47872,0.56,0.42522,0.23882,4.31859,8.79436,30.6327,0.04978,0,6.04e-05,6.04e-05,6.04e-05
122,366.771,2.90989,4.30201,17.0401,0.01235,4.1347,1,0.54797,0.69937,0.37268,0.78236,0.43187,0.46927,0.23548,4.31036,8.89033,29.9039,0.04976,0,6.007e-05,6.007e-05,6.007e-05
123,369.581,2.89706,3.87475,14.3614,0.0137,4.41292,0.65989,0.69886,0.69242,0.36503,0.50952,0.54057,0.45887,0.22724,4.36881,8.80333,30.2104,0.05114,0,5.974e-05,5.974e-05,5.974e-05
124,372.505,2.83296,3.75511,14.2229,0.01189,3.01544,1,0.51244,0.67821,0.36512,0.76582,0.39291,0.44255,0.22356,4.33402,8.58475,31.2993,0.05128,0,5.941e-05,5.941e-05,5.941e-05
125,375.45,3.13209,4.07457,15.2231,0.01224,2.722,0.82127,0.55181,0.67037,0.36567,0.58432,0.44,0.4414,0.22716,4.35984,8.32769,31.4858,0.05135,0,5.908e-05,5.908e-05,5.908e-05
126,378.349,3.03335,4.32182,16.574,0.01343,3.76713,0.66638,0.6,0.6201,0.34491,0.52338,0.48,0.42094,0.20629,4.14516,7.97375,34.2883,0.04907,0,5.875e-05,5.875e-05,5.875e-05
127,381.096,2.85998,4.13927,15.5282,0.01334,2.01251,0.78285,0.64,0.64913,0.37459,0.63082,0.52,0.45588,0.23493,4.17059,7.86269,32.9707,0.04918,0,5.842e-05,5.842e-05,5.842e-05
128,384.051,2.87838,4.07989,14.3953,0.01438,2.64858,0.72904,0.64,0.65072,0.38797,0.60643,0.48,0.45995,0.2445,3.98671,7.94124,34.1035,0.04718,0,5.809e-05,5.809e-05,5.809e-05
129,386.833,2.75893,3.80153,15.324,0.01237,2.71327,0.72435,0.64,0.64844,0.38706,0.71439,0.44,0.45675,0.24053,3.9476,7.93986,33.8847,0.04674,0,5.776e-05,5.776e-05,5.776e-05
130,389.748,3.06376,4.31216,16.8781,0.01362,2.86819,0.75583,0.6,0.64992,0.38854,0.61073,0.50254,0.45258,0.23383,3.82639,7.94852,33.9572,0.04499,0,5.743e-05,5.743e-05,5.743e-05
131,392.603,2.97027,4.38763,16.501,0.01252,3.86009,0.9331,0.55804,0.65706,0.39254,0.79812,0.48,0.46377,0.23999,3.77628,7.94031,33.5574,0.04425,0,5.71e-05,5.71e-05,5.71e-05
132,395.403,2.96006,4.27671,16.8286,0.01372,3.54145,0.87614,0.56622,0.66669,0.39456,0.77955,0.48,0.46772,0.24978,3.64938,8.07312,32.9046,0.04254,0,5.677e-05,5.677e-05,5.677e-05
133,398.156,2.85842,4.01972,16.7117,0.01494,3.22421,0.89279,0.56,0.66685,0.40117,0.76525,0.48,0.47881,0.25909,3.61303,8.08924,33.0899,0.04232,0,5.644e-05,5.644e-05,5.644e-05
134,401.037,3.05956,4.40733,16.8784,0.0136,2.69781,0.87218,0.6,0.66033,0.40997,0.67507,0.48,0.48395,0.25086,3.73206,8.01467,32.4972,0.04418,0,5.611e-05,5.611e-05,5.611e-05
135,403.816,2.54128,3.88791,14.9198,0.01134,3.93482,0.80279,0.6,0.65725,0.40594,0.64223,0.48,0.50126,0.24529,3.80102,7.96062,32.215,0.045,0,5.578e-05,5.578e-05,5.578e-05
136,406.651,2.85306,4.1041,15.4419,0.01258,2.66605,0.82797,0.64,0.66117,0.40244,0.66829,0.52,0.51767,0.25679,3.86196,7.88884,31.6372,0.04568,0,5.545e-05,5.545e-05,5.545e-05
137,409.467,2.69764,3.63261,14.6681,0.01241,3.09759,0.84507,0.6,0.66553,0.39842,0.74666,0.52,0.52697,0.26776,3.89433,7.89047,31.2967,0.04633,0,5.512e-05,5.512e-05,5.512e-05
138,412.387,2.748,3.70918,17.7046,0.01164,3.5232,0.92953,0.6,0.67817,0.39186,0.80223,0.52,0.53832,0.27268,3.93952,7.97346,30.4327,0.04704,0,5.479e-05,5.479e-05,5.479e-05
139,415.206,2.72064,4.21296,15.3224,0.01096,3.17276,0.9318,0.6,0.68042,0.39177,0.77416,0.54894,0.53725,0.26784,3.92533,8.04148,30.37,0.04672,0,5.446e-05,5.446e-05,5.446e-05
140,418.108,2.84335,4.22272,17.6655,0.01488,4.41502,0.93737,0.59878,0.66465,0.36847,0.81186,0.52,0.53166,0.23998,4.0841,8.222,31.1291,0.04796,0,5.413e-05,5.413e-05,5.413e-05
141,420.99,2.74587,3.52383,13.392,0.01245,3.19168,0.82854,0.6,0.67107,0.37633,0.71764,0.52,0.53183,0.22921,4.13805,8.33979,30.9315,0.04843,0,5.38e-05,5.38e-05,5.38e-05
142,423.806,2.89399,4.38972,15.2246,0.01312,2.66407,0.78795,0.64,0.65983,0.36578,0.70803,0.52,0.5015,0.2083,4.00892,8.44407,32.1001,0.04717,0,5.347e-05,5.347e-05,5.347e-05
143,426.602,2.97533,4.05268,15.1854,0.01377,5.15105,0.8401,0.63085,0.6502,0.35967,0.70888,0.52,0.50063,0.20937,4.01271,8.46498,32.3471,0.04788,0,5.314e-05,5.314e-05,5.314e-05
144,429.436,2.92869,4.31172,16.3456,0.0135,3.10849,0.86242,0.50215,0.60779,0.34424,0.57949,0.55151,0.47924,0.17444,4.07858,8.62419,31.8273,0.04933,0,5.281e-05,5.281e-05,5.281e-05
145,432.302,2.71025,3.94543,15.852,0.01135,3.14182,0.78707,0.6,0.61495,0.35165,0.81381,0.4,0.44853,0.18391,4.05134,8.59727,31.513,0.04897,0,5.248e-05,5.248e-05,5.248e-05
146,435.12,2.7215,3.7791,14.1914,0.0133,2.66012,0.77885,0.6,0.60691,0.35638,0.65408,0.56,0.49594,0.19233,3.96235,8.37414,32.2224,0.04777,0,5.215e-05,5.215e-05,5.215e-05
147,437.904,2.80431,4.26944,14.5604,0.01188,2.78045,0.74485,0.56,0.60327,0.34749,0.62058,0.56,0.48502,0.19541,4.02216,8.37808,32.2741,0.04847,0,5.182e-05,5.182e-05,5.182e-05
148,440.849,2.70302,3.89572,15.3106,0.01202,3.20063,0.82975,0.58538,0.64049,0.35709,0.66656,0.47977,0.43557,0.21985,3.94575,7.98776,32.6421,0.04669,0,5.149e-05,5.149e-05,5.149e-05
149,443.616,2.72871,3.75925,15.1346,0.01216,4.48201,0.80276,0.56,0.6279,0.35592,0.60078,0.48,0.4235,0.22116,3.99305,7.97733,32.8293,0.04709,0,5.116e-05,5.116e-05,5.116e-05
150,446.456,2.72061,3.76898,15.3236,0.0108,3.38322,0.87318,0.55128,0.6582,0.37958,0.58342,0.48,0.44341,0.24552,4.04845,8.14919,32.7665,0.0479,0,5.083e-05,5.083e-05,5.083e-05
151,449.316,2.85796,3.92298,16.4291,0.01205,2.8394,0.83151,0.59257,0.67007,0.40037,0.56786,0.56,0.50025,0.25294,3.82373,7.98038,34.2128,0.04445,0,5.05e-05,5.05e-05,5.05e-05
152,452.186,2.74054,3.98288,13.9523,0.01153,4.07778,0.8821,0.59865,0.69777,0.40771,0.70545,0.52,0.5472,0.26694,3.79134,8.16676,32.2618,0.04383,0,5.017e-05,5.017e-05,5.017e-05
153,455.048,2.7746,3.97442,15.3638,0.01239,2.77001,0.88119,0.59365,0.7034,0.41517,0.70801,0.52,0.55439,0.2713,3.77143,8.25677,31.8318,0.04379,0,4.984e-05,4.984e-05,4.984e-05
154,458.442,2.63933,3.57884,14.2881,0.01152,3.69883,0.83925,0.62699,0.69829,0.42466,0.73299,0.54945,0.54816,0.27446,3.69735,8.42944,31.3152,0.04336,0,4.951e-05,4.951e-05,4.951e-05
155,461.828,2.92018,4.33909,17.6118,0.01454,2.99935,0.79745,0.6,0.69405,0.42458,0.68764,0.52,0.54401,0.27196,3.67281,8.47129,31.1195,0.04365,0,4.918e-05,4.918e-05,4.918e-05
156,464.639,2.73511,3.74653,14.4017,0.01184,3.3569,0.8145,0.64,0.70431,0.43319,0.70929,0.56,0.56427,0.27755,3.56776,8.67511,31.3578,0.04201,0,4.885e-05,4.885e-05,4.885e-05
157,468.049,2.66469,3.80355,13.5538,0.01227,2.36723,0.84873,0.67358,0.70926,0.43122,0.74917,0.59749,0.55997,0.2856,3.568,8.65852,31.0128,0.04223,0,4.852e-05,4.852e-05,4.852e-05
158,471.44,2.779,3.88245,15.6176,0.01488,3.51314,0.73736,0.68,0.68008,0.41137,0.61233,0.6,0.51818,0.28699,3.69728,8.81905,32.1479,0.04453,0,4.819e-05,4.819e-05,4.819e-05
159,474.339,2.94032,4.1223,15.6671,0.01274,3.4084,0.69264,0.68,0.67275,0.40564,0.60551,0.6,0.51521,0.28547,3.71282,8.87329,32.0388,0.04487,0,4.786e-05,4.786e-05,4.786e-05
160,477.138,2.86032,4.17599,17.5733,0.01379,2.89368,0.7955,0.62289,0.69931,0.42102,0.69357,0.54372,0.52911,0.29222,3.75883,9.0174,31.1133,0.04486,0,4.753e-05,4.753e-05,4.753e-05
161,479.917,2.82867,4.01114,17.3361,0.01168,5.20572,0.79839,0.63387,0.70764,0.43322,0.69892,0.55726,0.54202,0.30105,3.72457,9.08696,30.695,0.04456,0,4.72e-05,4.72e-05,4.72e-05
162,483.334,2.61945,4.00034,14.2633,0.01271,3.60795,0.80141,0.64,0.71844,0.44413,0.70037,0.56,0.56358,0.31587,3.6384,9.2054,30.0053,0.04371,0,4.687e-05,4.687e-05,4.687e-05
163,486.666,2.80128,3.77584,16.5264,0.01206,3.64763,0.88732,0.63041,0.72391,0.4487,0.77584,0.55408,0.57035,0.32129,3.57086,9.17091,30.3666,0.04295,0,4.654e-05,4.654e-05,4.654e-05
164,490.015,2.80198,3.67152,14.4144,0.01204,3.73603,0.81953,0.64,0.70483,0.43058,0.716,0.56,0.57145,0.31987,3.61017,9.10115,30.4769,0.04285,0,4.621e-05,4.621e-05,4.621e-05
165,492.881,2.87955,3.97641,16.5793,0.01357,3.24185,0.78359,0.64,0.70179,0.4258,0.68141,0.56,0.56709,0.30758,3.69066,8.83438,30.0487,0.04316,0,4.588e-05,4.588e-05,4.588e-05
166,495.709,2.96985,3.66252,15.6039,0.0128,5.60198,0.88048,0.6,0.69934,0.41161,0.74616,0.52,0.56774,0.29493,3.96483,8.41856,27.2286,0.04607,0,4.555e-05,4.555e-05,4.555e-05
167,498.463,2.93759,4.36689,15.4732,0.01297,3.36926,0.7848,0.64,0.66952,0.38438,0.68587,0.56,0.53828,0.27956,3.94772,8.13624,28.7365,0.0457,0,4.522e-05,4.522e-05,4.522e-05
168,501.401,2.83742,4.23541,14.6411,0.01248,2.78033,0.88689,0.62774,0.67333,0.399,0.76372,0.51733,0.53697,0.27487,4.01439,7.90996,29.1423,0.0464,0,4.489e-05,4.489e-05,4.489e-05
169,504.268,2.85949,3.91882,15.6759,0.01217,2.88825,0.80811,0.64,0.67106,0.40102,0.74852,0.52,0.54195,0.26241,4.10014,7.88704,27.5986,0.04769,0,4.456e-05,4.456e-05,4.456e-05
170,507.052,2.90189,3.83871,14.9894,0.01322,3.12236,0.88026,0.58864,0.65086,0.41843,0.74673,0.48,0.49499,0.25871,4.06817,7.82931,27.9116,0.04803,0,4.423e-05,4.423e-05,4.423e-05
171,509.887,2.58904,3.89225,13.0553,0.01074,3.0231,0.79049,0.6,0.64665,0.38548,0.71797,0.48,0.50173,0.24161,4.0504,7.74768,28.8707,0.04789,0,4.39e-05,4.39e-05,4.39e-05
172,512.825,2.92766,4.04241,15.2839,0.01169,2.97773,0.71671,0.64,0.63433,0.37168,0.65701,0.48,0.48591,0.24528,3.88121,7.83854,32.0933,0.04649,0,4.357e-05,4.357e-05,4.357e-05
173,515.721,2.51318,4.09106,14.3952,0.0114,3.11573,0.69336,0.63336,0.6199,0.36733,0.67909,0.48,0.48724,0.24622,3.87297,7.90052,32.2991,0.04612,0,4.324e-05,4.324e-05,4.324e-05
174,518.714,2.71904,3.77327,15.2103,0.01157,2.73221,0.69707,0.6,0.60646,0.35839,0.69662,0.48,0.49249,0.25765,3.899,8.24395,32.8526,0.04605,0,4.291e-05,4.291e-05,4.291e-05
175,521.608,2.80626,3.8607,13.6278,0.01137,5.02579,0.65527,0.6,0.60986,0.36083,0.70886,0.48,0.49175,0.25638,3.9002,8.39288,32.9108,0.04604,0,4.258e-05,4.258e-05,4.258e-05
176,524.432,2.6277,3.61511,13.7123,0.01051,2.59078,0.69229,0.64,0.60989,0.34602,0.71908,0.48,0.45752,0.25259,3.88832,8.35137,32.6426,0.04546,0,4.225e-05,4.225e-05,4.225e-05
177,527.206,2.80702,4.09438,15.4138,0.01231,3.23089,0.78715,0.59204,0.62393,0.35396,0.68596,0.48,0.44855,0.25077,3.81742,8.4722,32.8813,0.04454,0,4.192e-05,4.192e-05,4.192e-05
178,530.014,2.83226,3.99303,14.618,0.01071,4.86587,0.75266,0.6,0.62079,0.35353,0.66812,0.48331,0.45452,0.23369,3.69198,8.62957,33.2787,0.04325,0,4.159e-05,4.159e-05,4.159e-05
179,532.888,2.67185,3.49588,13.9169,0.01309,2.38692,0.65348,0.6,0.62592,0.35378,0.68965,0.48,0.46147,0.24414,3.70269,8.73898,32.8349,0.04284,0,4.126e-05,4.126e-05,4.126e-05
180,535.672,2.85656,4.0007,14.457,0.01249,3.22039,0.62834,0.64,0.63052,0.36309,0.66206,0.48,0.45611,0.24491,3.71672,8.93553,32.3269,0.0429,0,4.093e-05,4.093e-05,4.093e-05
181,538.476,2.88384,3.94042,16.2463,0.01259,3.31935,0.69069,0.56,0.62834,0.36979,0.59202,0.48,0.44379,0.23274,3.67754,8.95019,32.3487,0.04289,0,4.06e-05,4.06e-05,4.06e-05
182,541.386,2.76656,4.12564,15.3174,0.01208,2.62828,0.71101,0.59084,0.63717,0.36658,0.66685,0.48,0.45902,0.24311,3.62796,8.81747,31.5456,0.04295,0,4.027e-05,4.027e-05,4.027e-05
183,544.19,2.56937,3.68233,14.7911,0.01202,2.62943,0.70129,0.56,0.63365,0.36134,0.69966,0.48,0.45346,0.24198,3.73047,8.74755,31.2887,0.0435,0,3.994e-05,3.994e-05,3.994e-05
184,547.068,2.84927,4.08336,15.4071,0.01231,2.89007,0.74627,0.58866,0.63972,0.36634,0.64524,0.50966,0.45194,0.24088,3.63952,8.55642,31.9101,0.04341,0,3.961e-05,3.961e-05,3.961e-05
185,550.012,2.6371,3.72146,12.9457,0.01311,2.47933,0.7441,0.6,0.64136,0.36343,0.63445,0.52,0.44941,0.23974,3.72428,8.4714,31.6225,0.04444,0,3.928e-05,3.928e-05,3.928e-05
186,552.891,2.33455,3.22258,11.5076,0.00945,2.40875,0.64148,0.64,0.64875,0.3722,0.70385,0.48,0.44755,0.23763,3.7674,8.41388,31.0289,0.04495,0,3.895e-05,3.895e-05,3.895e-05
187,555.702,2.58108,3.87762,13.8912,0.01034,2.73902,0.68777,0.6172,0.66625,0.37803,0.5986,0.56,0.47017,0.23908,3.75196,8.3246,31.3944,0.04455,0,3.862e-05,3.862e-05,3.862e-05
188,558.674,2.86896,3.97871,14.9002,0.01287,3.2816,0.78026,0.6,0.67463,0.38441,0.67184,0.52,0.47871,0.24401,3.81331,8.21004,31.5464,0.04522,0,3.829e-05,3.829e-05,3.829e-05
189,561.467,2.5096,3.61372,13.3858,0.01013,2.59567,0.7342,0.6,0.67783,0.38473,0.63388,0.52,0.47667,0.24802,3.807,8.17906,31.8015,0.04508,0,3.796e-05,3.796e-05,3.796e-05
190,564.278,2.81054,3.69944,15.6362,0.01299,4.6647,0.82946,0.5842,0.68187,0.38739,0.69539,0.52,0.49535,0.26397,3.91247,7.91944,30.9057,0.04606,0,3.763e-05,3.763e-05,3.763e-05
191,567.117,2.76062,3.95531,16.6468,0.01057,3.98112,0.75236,0.64,0.68685,0.39058,0.65758,0.56,0.49159,0.26359,3.91811,7.86818,30.2538,0.04609,0,3.73e-05,3.73e-05,3.73e-05
192,569.933,2.79559,3.64211,14.9309,0.01178,1.92677,0.75488,0.61641,0.6719,0.37924,0.66448,0.55476,0.48732,0.2655,3.98839,7.75209,30.5054,0.04705,0,3.697e-05,3.697e-05,3.697e-05
193,572.677,2.64675,3.93395,14.3649,0.00939,2.38504,0.72258,0.64,0.6776,0.37453,0.62343,0.56,0.48617,0.26703,3.99767,7.7314,30.6048,0.04689,0,3.664e-05,3.664e-05,3.664e-05
194,575.618,2.77445,3.96106,15.7855,0.01451,2.3597,0.85801,0.6,0.68523,0.38342,0.63191,0.56,0.50316,0.27114,4.02655,7.65948,30.4061,0.04749,0,3.631e-05,3.631e-05,3.631e-05
195,578.405,2.58033,3.78946,14.3463,0.01332,2.7612,0.80697,0.6,0.67098,0.37142,0.60498,0.55165,0.47928,0.27279,4.04749,7.68112,30.7118,0.04761,0,3.598e-05,3.598e-05,3.598e-05
196,581.279,2.68167,3.93459,12.9197,0.01208,2.40497,0.922,0.6,0.69969,0.38698,0.78351,0.48,0.51491,0.28163,3.91627,7.89057,29.3694,0.04636,0,3.565e-05,3.565e-05,3.565e-05
197,584.106,2.42644,3.23873,12.8371,0.01062,2.30122,0.92493,0.56,0.70279,0.3934,0.79096,0.48,0.51914,0.28225,3.92215,7.96086,28.8449,0.04651,0,3.532e-05,3.532e-05,3.532e-05
198,586.89,2.38826,3.71143,14.1913,0.01173,2.23981,0.93667,0.592,0.70574,0.39913,0.79078,0.48,0.51066,0.27561,3.94136,8.15162,28.5726,0.04653,0,3.499e-05,3.499e-05,3.499e-05
199,589.695,2.79565,3.84028,15.6645,0.01337,2.55165,0.93612,0.58675,0.70208,0.39711,0.78307,0.48,0.50703,0.27599,3.95685,8.25128,28.693,0.04664,0,3.466e-05,3.466e-05,3.466e-05
200,592.629,2.75772,3.54398,13.2467,0.01329,2.95413,0.92329,0.6,0.69764,0.39774,0.78907,0.48,0.50768,0.27468,3.8432,8.37106,30.2339,0.04571,0,3.433e-05,3.433e-05,3.433e-05
201,595.478,2.52707,3.80913,12.5668,0.01197,3.4672,0.91738,0.6,0.69542,0.39725,0.65326,0.56,0.52714,0.27596,3.81584,8.57011,30.3121,0.04519,0,3.4e-05,3.4e-05,3.4e-05
202,598.261,2.80401,3.85462,14.337,0.01289,2.78199,0.90486,0.6,0.69873,0.41558,0.63365,0.56,0.52594,0.26335,4.10585,9.09521,26.9651,0.0486,0,3.367e-05,3.367e-05,3.367e-05
203,601.118,2.62795,3.40287,12.6961,0.0122,2.81748,0.8783,0.6,0.6991,0.42444,0.68472,0.56,0.52344,0.26827,4.10358,9.09771,27.2033,0.04886,0,3.334e-05,3.334e-05,3.334e-05
204,603.923,2.56048,3.42818,13.1479,0.01118,2.23696,0.74952,0.64,0.68054,0.39777,0.60816,0.52,0.45964,0.25068,4.09423,9.27514,28.3108,0.0489,0,3.301e-05,3.301e-05,3.301e-05
205,606.693,2.60843,3.83143,14.2182,0.01155,3.58749,0.83541,0.60949,0.69726,0.40616,0.67144,0.52,0.46927,0.25863,4.10113,9.28391,28.2456,0.04892,0,3.268e-05,3.268e-05,3.268e-05
206,609.667,2.54636,4.04184,13.2542,0.01236,3.38613,0.7969,0.6,0.67629,0.38652,0.61856,0.52,0.4596,0.25381,4.11821,9.31056,28.5776,0.04915,0,3.235e-05,3.235e-05,3.235e-05
207,612.494,2.85057,4.26008,14.3988,0.01129,3.6631,0.71711,0.6087,0.66992,0.38099,0.6233,0.52,0.44599,0.24901,4.11606,9.32124,29.0435,0.04917,0,3.202e-05,3.202e-05,3.202e-05
208,615.32,2.41188,3.23884,12.3405,0.00957,2.16161,0.70671,0.6,0.64074,0.36263,0.68338,0.48,0.44395,0.25062,3.88103,9.05996,32.9821,0.04582,0,3.169e-05,3.169e-05,3.169e-05
209,618.164,2.5267,3.96818,14.7831,0.01121,3.45073,0.63518,0.6,0.62078,0.35229,0.5946,0.48,0.42628,0.24072,3.92185,9.04299,32.8766,0.04635,0,3.136e-05,3.136e-05,3.136e-05
210,621.033,2.8247,3.71496,14.5592,0.01316,3.27266,0.63728,0.63274,0.59755,0.34492,0.46416,0.48,0.41251,0.22647,3.8732,8.86235,34.9297,0.04603,0,3.103e-05,3.103e-05,3.103e-05
211,623.817,2.61009,3.80658,14.8751,0.01094,3.12191,0.63992,0.6398,0.6053,0.35843,0.55867,0.56,0.46077,0.23397,3.85503,8.81637,34.421,0.04577,0,3.07e-05,3.07e-05,3.07e-05
212,626.703,2.66031,4.11278,14.6223,0.01077,3.87003,0.77956,0.6,0.61891,0.37316,0.63031,0.47753,0.47623,0.25042,3.84102,8.70784,34.6602,0.04553,0,3.037e-05,3.037e-05,3.037e-05
213,629.462,2.56485,3.4665,13.7622,0.0108,3.12522,0.74644,0.6,0.62302,0.37684,0.62505,0.44,0.48003,0.25194,3.81081,8.77586,34.8825,0.0446,0,3.004e-05,3.004e-05,3.004e-05
214,632.33,2.7146,3.93245,15.5405,0.01195,3.36954,0.67527,0.5827,0.60976,0.36086,0.61424,0.52,0.49988,0.25552,3.72975,8.71618,35.55,0.04377,0,2.971e-05,2.971e-05,2.971e-05
215,635.198,2.67343,3.89834,15.2818,0.01164,3.24176,0.70217,0.56,0.60557,0.34858,0.65202,0.52,0.49584,0.25654,3.69928,8.74891,36.0626,0.04341,0,2.938e-05,2.938e-05,2.938e-05
216,638.064,2.69222,3.85043,16.2684,0.01299,3.38947,0.79946,0.48,0.59017,0.34948,0.64848,0.48,0.46924,0.2451,3.78354,8.80376,35.7996,0.04454,0,2.905e-05,2.905e-05,2.905e-05
217,640.825,2.80216,4.05684,14.7829,0.01352,2.24744,0.82212,0.52,0.60104,0.34026,0.65152,0.52,0.47176,0.24108,3.66402,8.77514,36.4926,0.04234,0,2.872e-05,2.872e-05,2.872e-05
218,643.692,2.53784,3.95582,14.1216,0.01195,2.7322,0.69007,0.52,0.5844,0.32754,0.58074,0.48,0.45762,0.22926,3.6821,8.86028,37.0871,0.04276,0,2.839e-05,2.839e-05,2.839e-05
219,646.492,2.63719,3.295,13.421,0.01227,3.37146,0.66042,0.48,0.54533,0.30187,0.55461,0.4,0.41565,0.21198,3.62914,8.84512,37.662,0.04131,0,2.806e-05,2.806e-05,2.806e-05
220,649.462,2.59183,3.74378,12.9482,0.01031,2.70616,0.57393,0.59292,0.54203,0.30142,0.49382,0.52,0.41956,0.21966,3.61154,8.60368,37.2059,0.04165,0,2.773e-05,2.773e-05,2.773e-05
221,652.276,2.44745,3.57215,13.4508,0.01011,3.3923,0.52249,0.56924,0.52526,0.29502,0.42882,0.52,0.40046,0.21734,3.61518,8.60022,37.5412,0.04192,0,2.74e-05,2.74e-05,2.74e-05
222,655.172,2.48783,3.54275,13.7546,0.01132,3.15056,0.68126,0.64,0.6027,0.32056,0.51401,0.52,0.43735,0.23653,3.65319,8.51212,37.4247,0.04271,0,2.707e-05,2.707e-05,2.707e-05
223,658.045,2.48614,3.50123,12.1916,0.01098,3.02778,0.63778,0.63409,0.57885,0.30894,0.50668,0.52,0.42606,0.22785,3.67638,8.50158,38.1403,0.0432,0,2.674e-05,2.674e-05,2.674e-05
224,660.853,2.74423,3.9766,14.6653,0.01206,2.5783,0.61015,0.64,0.5829,0.31557,0.49504,0.52,0.4238,0.22593,3.74823,8.44808,37.4521,0.04444,0,2.641e-05,2.641e-05,2.641e-05
225,663.637,2.61844,3.88292,15.1111,0.01066,4.21502,0.64523,0.64,0.58522,0.32177,0.54172,0.52,0.43422,0.22974,3.75745,8.47264,37.5273,0.04429,0,2.608e-05,2.608e-05,2.608e-05
226,666.539,2.48751,3.59057,13.0153,0.011,2.29853,0.63605,0.64,0.58298,0.32537,0.5127,0.52,0.42646,0.2226,3.74801,8.53413,37.431,0.04407,0,2.575e-05,2.575e-05,2.575e-05
227,669.367,3.01586,3.82233,16.171,0.01346,3.30023,0.63265,0.64,0.58154,0.32086,0.50812,0.52,0.41315,0.21182,3.81381,8.55607,37.3811,0.04464,0,2.542e-05,2.542e-05,2.542e-05
228,672.17,2.72028,3.97303,13.8584,0.01197,2.24505,0.6337,0.64,0.60161,0.3314,0.56512,0.52,0.43779,0.21848,3.86587,8.4264,36.8329,0.04641,0,2.509e-05,2.509e-05,2.509e-05
229,675.03,2.8378,3.68415,14.2295,0.01059,2.77889,0.63773,0.6,0.61346,0.33818,0.55467,0.52,0.44791,0.2189,3.90637,8.43857,36.9701,0.04694,0,2.476e-05,2.476e-05,2.476e-05
230,677.844,2.83147,3.64118,14.7616,0.01226,2.33904,0.61746,0.64583,0.6198,0.34447,0.50429,0.52927,0.4511,0.21389,3.84237,8.47505,36.6923,0.0462,0,2.443e-05,2.443e-05,2.443e-05
231,680.602,2.71549,3.41648,13.6821,0.01255,2.98161,0.6412,0.64345,0.61843,0.35036,0.52301,0.52652,0.44048,0.21129,3.87297,8.53288,35.3692,0.04633,0,2.41e-05,2.41e-05,2.41e-05
232,683.498,2.60427,3.70688,13.8753,0.01178,2.16493,0.67371,0.64,0.61286,0.34353,0.54452,0.52,0.4271,0.2053,4.12,8.52574,34.7547,0.04873,0,2.377e-05,2.377e-05,2.377e-05
233,686.418,2.67807,4.02551,14.9068,0.01174,3.50552,0.64704,0.6,0.59482,0.34383,0.55598,0.52,0.41089,0.20189,4.19091,8.52462,33.7592,0.04953,0,2.344e-05,2.344e-05,2.344e-05
234,689.458,2.57526,3.57478,13.6743,0.01142,2.99848,0.70591,0.6,0.61422,0.34717,0.53993,0.52,0.42717,0.20589,4.02355,8.72554,34.4065,0.04799,0,2.311e-05,2.311e-05,2.311e-05
235,692.348,2.58744,3.72711,13.2301,0.0106,2.68346,0.67266,0.6,0.60513,0.34916,0.56689,0.52,0.41645,0.20382,4.04598,8.69032,33.4252,0.04825,0,2.278e-05,2.278e-05,2.278e-05
236,695.246,2.46527,3.4102,12.9157,0.01017,3.00454,0.7193,0.56,0.60561,0.3524,0.57333,0.48,0.42687,0.20635,3.89797,8.7832,33.7155,0.04692,0,2.245e-05,2.245e-05,2.245e-05
237,698.046,2.84729,3.90144,15.0142,0.01265,2.65558,0.72006,0.56,0.60825,0.34725,0.58247,0.48,0.42959,0.21134,4.04736,8.97711,30.782,0.04873,0,2.212e-05,2.212e-05,2.212e-05
238,701.014,2.75111,3.69809,14.4258,0.01024,3.11988,0.70321,0.56,0.61723,0.35361,0.61235,0.50594,0.45066,0.21292,4.04969,8.97414,30.3785,0.04866,0,2.179e-05,2.179e-05,2.179e-05
239,703.801,2.93528,3.90246,15.2799,0.01364,2.42076,0.70469,0.56,0.61948,0.35431,0.6099,0.5008,0.44994,0.21078,4.06104,8.9452,30.3239,0.0486,0,2.146e-05,2.146e-05,2.146e-05
240,706.582,2.46837,3.55832,14.4744,0.01046,3.21159,0.77628,0.56,0.61542,0.34805,0.609,0.52,0.44246,0.20316,4.09574,8.89858,31.5324,0.04904,0,2.113e-05,2.113e-05,2.113e-05
241,709.568,2.54308,3.37573,11.8505,0.01053,2.51341,0.72649,0.56,0.62153,0.35219,0.57687,0.52,0.44719,0.20165,4.14916,8.90012,31.0464,0.04975,0,2.08e-05,2.08e-05,2.08e-05
242,712.616,2.53391,3.40241,14.2298,0.01141,2.45278,0.6574,0.6,0.62421,0.35977,0.5641,0.52,0.44496,0.2106,4.14856,9.08085,31.0779,0.04965,0,2.047e-05,2.047e-05,2.047e-05
243,715.446,2.72489,3.68042,14.1428,0.01181,2.26605,0.64839,0.56,0.61625,0.36041,0.5428,0.52,0.43767,0.21088,4.10674,9.13312,30.8358,0.04916,0,2.014e-05,2.014e-05,2.014e-05
244,718.477,2.7551,3.69919,14.2491,0.01299,3.15719,0.646,0.6,0.6254,0.36497,0.55882,0.52,0.44282,0.21135,4.1268,9.14139,29.8461,0.04944,0,1.981e-05,1.981e-05,1.981e-05
245,721.404,2.53213,3.26257,13.453,0.01238,2.81266,0.83297,0.52,0.6234,0.36229,0.5606,0.52,0.43879,0.21468,4.11381,9.10936,29.8918,0.04947,0,1.948e-05,1.948e-05,1.948e-05
246,724.351,2.41872,3.42879,12.1869,0.01041,2.55272,0.82079,0.52,0.62011,0.35924,0.54072,0.52,0.45214,0.22754,3.91028,8.95232,33.3943,0.04668,0,1.915e-05,1.915e-05,1.915e-05
247,727.153,2.70248,3.77994,14.4956,0.01307,3.27428,0.7276,0.56,0.62593,0.35984,0.56374,0.52,0.44796,0.22916,3.91584,8.93487,33.3443,0.04662,0,1.882e-05,1.882e-05,1.882e-05
248,730.042,2.45294,3.45335,13.1774,0.01119,2.40211,0.68436,0.56,0.61627,0.35937,0.51385,0.52,0.44477,0.23514,3.98185,9.05946,33.2211,0.04723,0,1.849e-05,1.849e-05,1.849e-05
249,732.855,2.71064,3.704,13.1395,0.01136,2.36657,0.69645,0.55101,0.61543,0.36207,0.51005,0.52,0.44517,0.23796,3.99489,9.11004,33.3706,0.04776,0,1.816e-05,1.816e-05,1.816e-05
250,735.769,2.56374,4.09329,14.3753,0.01056,2.33677,0.70935,0.58618,0.60781,0.37162,0.53024,0.52,0.43575,0.23639,3.98489,9.14483,32.0264,0.04793,0,1.783e-05,1.783e-05,1.783e-05
251,738.582,2.43103,3.55787,12.5839,0.00985,2.00032,0.69667,0.55157,0.61407,0.37361,0.48459,0.52,0.43394,0.24347,3.94692,9.15952,32.1035,0.04708,0,1.75e-05,1.75e-05,1.75e-05
252,741.56,2.44718,3.39743,11.4698,0.01286,2.32676,0.70861,0.58412,0.60856,0.36702,0.51077,0.56,0.44308,0.24914,3.8614,9.1536,32.2172,0.04585,0,1.717e-05,1.717e-05,1.717e-05
253,744.324,2.60296,3.71902,14.0397,0.01271,2.71108,0.70872,0.58442,0.60764,0.36761,0.51033,0.56,0.44158,0.24686,3.89377,9.17575,32.4172,0.04605,0,1.684e-05,1.684e-05,1.684e-05
254,747.243,2.5601,3.22477,12.2672,0.00955,2.03363,0.76687,0.56,0.62355,0.38125,0.53252,0.52,0.47385,0.2523,3.86739,9.12262,32.1819,0.04574,0,1.651e-05,1.651e-05,1.651e-05
255,750.117,2.44571,3.54453,13.1954,0.01037,4.05856,0.71283,0.59593,0.61756,0.37176,0.53317,0.52,0.46965,0.25444,3.86948,9.13171,32.2685,0.04595,0,1.618e-05,1.618e-05,1.618e-05
256,752.931,2.29034,3.31653,11.1136,0.00951,2.76038,0.73522,0.56,0.61035,0.37138,0.56349,0.52,0.45662,0.24842,3.82339,8.97704,32.3231,0.04551,0,1.585e-05,1.585e-05,1.585e-05
257,755.777,2.4905,3.69953,11.8468,0.01063,3.25776,0.76386,0.56,0.61323,0.3747,0.57971,0.52,0.45218,0.23667,3.71697,8.99582,32.3176,0.04431,0,1.552e-05,1.552e-05,1.552e-05
258,758.747,2.56702,3.55632,12.4103,0.01032,1.92593,0.76327,0.56,0.6147,0.37494,0.5502,0.52,0.45611,0.23245,3.74603,8.94855,32.4659,0.04442,0,1.519e-05,1.519e-05,1.519e-05
259,761.522,2.55248,3.3795,14.44,0.01,1.76469,0.76898,0.56,0.62235,0.37937,0.54974,0.52,0.45999,0.23774,3.74675,8.94665,32.6062,0.04448,0,1.486e-05,1.486e-05,1.486e-05
260,764.333,2.42144,3.51216,11.7476,0.00978,2.64659,0.76774,0.56,0.61509,0.37313,0.57269,0.52,0.45824,0.23107,3.76201,8.94637,32.9891,0.04435,0,1.453e-05,1.453e-05,1.453e-05
261,767.195,2.5422,3.68581,13.2619,0.0096,2.15434,0.66336,0.63087,0.61052,0.37283,0.57944,0.55141,0.4574,0.22723,3.76263,8.87746,33.0852,0.04426,0,1.42e-05,1.42e-05,1.42e-05
262,770.054,2.57105,3.4669,12.4583,0.00922,2.36304,0.78322,0.56,0.62071,0.37425,0.61983,0.52,0.4616,0.22688,3.74835,8.84385,33.1596,0.04396,0,1.387e-05,1.387e-05,1.387e-05
263,772.841,2.58418,3.76126,13.3528,0.01061,2.15173,0.77926,0.56,0.62374,0.37244,0.63132,0.52,0.467,0.23159,3.72484,8.83074,33.3301,0.04347,0,1.354e-05,1.354e-05,1.354e-05
